旧姓,氏名読み,敬称,郵便番号,名前
,ヨミ1,様,1234567,名前1
,ヨミ2,様,1234567,名前2
,ヨミ3,様,1234567,名前3
,ヨミ4,様,1234567,名前4
,ヨミ5,様,1234567,名前5
,ヨミ6,様,1234567,名前6
,ヨミ7,様,1234567,名前7
,ヨミ8,様,1234567,名前8
,ヨミ9,様,1234567,名前9
,ヨミ10,様,1234567,名前10
,ヨミ11,様,1234567,名前11
,ヨミ12,様,1234567,名前12
,ヨミ13,様,1234567,名前13
,ヨミ14,様,1234567,名前14
,ヨミ15,様,1234567,名前15
,ヨミ16,様,1234567,名前16
,ヨミ17,様,1234567,名前17
,ヨミ18,様,1234567,名前18
,ヨミ19,様,1234567,名前19
,ヨミ20,様,1234567,名前20
,ヨミ21,様,1234567,名前21
,ヨミ22,様,1234567,名前22
,ヨミ23,様,1234567,名前23
,ヨミ24,様,1234567,名前24
,ヨミ25,様,1234567,名前25
,ヨミ26,様,1234567,名前26
,ヨミ27,様,1234567,名前27
,ヨミ28,様,1234567,名前28
,ヨミ29,様,1234567,名前29
,ヨミ30,様,1234567,名前30
,ヨミ31,様,1234567,名前31
,ヨミ32,様,1234567,名前32
,ヨミ33,様,1234567,名前33
,ヨミ34,様,1234567,名前34
,ヨミ35,様,1234567,名前35
,ヨミ36,様,1234567,名前36
,ヨミ37,様,1234567,名前37
,ヨミ38,様,1234567,名前38
,ヨミ39,様,1234567,名前39
,ヨミ40,様,1234567,名前40
,ヨミ41,様,1234567,名前41
,ヨミ42,様,1234567,名前42
,ヨミ43,様,1234567,名前43
,ヨミ44,様,1234567,名前44
,ヨミ45,様,1234567,名前45
,ヨミ46,様,1234567,名前46
,ヨミ47,様,1234567,名前47
,ヨミ48,様,1234567,名前48
,ヨミ49,様,1234567,名前49
,ヨミ50,様,1234567,名前50
,ヨミ51,様,1234567,名前51
,ヨミ52,様,1234567,名前52
,ヨミ53,様,1234567,名前53
,ヨミ54,様,1234567,名前54
,ヨミ55,様,1234567,名前55
,ヨミ56,様,1234567,名前56
,ヨミ57,様,1234567,名前57
,ヨミ58,様,1234567,名前58
,ヨミ59,様,1234567,名前59
,ヨミ60,様,1234567,名前60
,ヨミ61,様,1234567,名前61
,ヨミ62,様,1234567,名前62
,ヨミ63,様,1234567,名前63
,ヨミ64,様,1234567,名前64
,ヨミ65,様,1234567,名前65
,ヨミ66,様,1234567,名前66
,ヨミ67,様,1234567,名前67
,ヨミ68,様,1234567,名前68
,ヨミ69,様,1234567,名前69
,ヨミ70,様,1234567,名前70
,ヨミ71,様,1234567,名前71
,ヨミ72,様,1234567,名前72
,ヨミ73,様,1234567,名前73
,ヨミ74,様,1234567,名前74
,ヨミ75,様,1234567,名前75
,ヨミ76,様,1234567,名前76
,ヨミ77,様,1234567,名前77
,ヨミ78,様,1234567,名前78
,ヨミ79,様,1234567,名前79
,ヨミ80,様,1234567,名前80
,ヨミ81,様,3300834,名前81
,ヨミ82,様,1234567,名前82
,ヨミ83,様,1234567,名前83
,ヨミ84,様,1234567,名前84
,ヨミ85,様,1234567,名前85
,ヨミ86,様,1234567,名前86
,ヨミ87,様,1234567,名前87
,ヨミ88,様,1234567,名前88
,ヨミ89,様,1234567,名前89
,ヨミ90,様,1234567,名前90
,ヨミ91,様,1234567,名前91
,ヨミ92,様,1234567,名前92
,ヨミ93,様,1234567,名前93
,ヨミ94,様,1234567,名前94
,ヨミ95,様,1234567,名前95
,ヨミ96,様,1234567,名前96
,ヨミ97,様,1234567,名前97
,ヨミ98,様,1234567,名前98
,ヨミ99,様,1234567,名前99
,ヨミ100,様,1234567,名前100
,ヨミ101,様,1234567,名前101
,ヨミ102,様,1234567,名前102
,ヨミ103,様,1234567,名前103
,ヨミ104,様,1234567,名前104
,ヨミ105,様,1234567,名前105
,ヨミ106,様,1234567,名前106
,ヨミ107,様,1234567,名前107
,ヨミ108,様,1234567,名前108
,ヨミ109,様,1234567,名前109
,ヨミ110,様,1234567,名前110
,ヨミ111,様,1234567,名前111
,ヨミ112,様,1234567,名前112
,ヨミ113,様,1234567,名前113
,ヨミ114,様,1234567,名前114
,ヨミ115,様,1234567,名前115
,ヨミ116,様,1234567,名前116
,ヨミ117,様,1234567,名前117
,ヨミ118,様,1234567,名前118
,ヨミ119,様,1234567,名前119
,ヨミ120,様,1234567,名前120
,ヨミ121,様,1234567,名前121
,ヨミ122,様,1234567,名前122
,ヨミ123,様,1234567,名前123
,ヨミ124,様,1234567,名前124
,ヨミ125,様,1234567,名前125
,ヨミ126,様,1234567,名前126
,ヨミ127,様,1234567,名前127
,ヨミ128,様,1234567,名前128
,ヨミ129,様,1234567,名前129
,ヨミ130,様,1234567,名前130
,ヨミ131,様,1234567,名前131
,ヨミ132,様,1234567,名前132
,ヨミ133,様,1234567,名前133
,ヨミ134,様,1234567,名前134
,ヨミ135,様,1234567,名前135
,ヨミ136,様,1234567,名前136
,ヨミ137,様,1234567,名前137
,ヨミ138,様,1234567,名前138
,ヨミ139,様,1234567,名前139
,ヨミ140,様,1234567,名前140
,ヨミ141,様,1234567,名前141
,ヨミ142,様,1234567,名前142
,ヨミ143,様,1234567,名前143
